{
"Profiles": [
{
  "Ansi 5 Color" : {
    "Green Component" : 0.24313725490196078,
    "Red Component" : 0.39215686274509803,
    "Blue Component" : 0.6470588235294118
  },
  "Tags" : [

  ],
  "Ansi 12 Color" : {
    "Green Component" : 0,
    "Red Component" : 0.17254901960784313,
    "Blue Component" : 0.99607843137254903
  },
  "Use Non-ASCII Font" : false,
  "Transparency" : 0.053582114361702127,
  "Bold Color" : {
    "Green Component" : 1,
    "Red Component" : 1,
    "Blue Component" : 1
  },
  "Normal Font" : "HackNF-Regular 14",
  "Ansi 1 Color" : {
    "Green Component" : 0,
    "Red Component" : 0.54117647058823526,
    "Blue Component" : 0.19607843137254902
  },
  "Custom Directory" : "Yes",
  "Rows" : 25,
  "Default Bookmark" : "No",
  "Link Color" : {
    "Red Component" : 0,
    "Color Space" : "sRGB",
    "Blue Component" : 0.73422706127166748,
    "Alpha Component" : 1,
    "Green Component" : 0.35915294289588928
  },
  "Blend" : 0.49690755208333343,
  "AWDS Tab Option" : "No",
  "Cursor Guide Color" : {
    "Red Component" : 0.70214027166366577,
    "Color Space" : "sRGB",
    "Blue Component" : 1,
    "Alpha Component" : 0.25,
    "Green Component" : 0.92681378126144409
  },
  "Non-ASCII Anti Aliased" : true,
  "Use Bright Bold" : true,
  "Ansi 10 Color" : {
    "Green Component" : 0.8784313725490196,
    "Red Component" : 0.5607843137254902,
    "Blue Component" : 0.13725490196078433
  },
  "Ambiguous Double Width" : false,
  "AWDS Pane Option" : "No",
  "Jobs to Ignore" : [
    "rlogin",
    "ssh",
    "slogin",
    "telnet"
  ],
  "Ansi 15 Color" : {
    "Green Component" : 0.87450980392156863,
    "Red Component" : 0.8784313725490196,
    "Blue Component" : 0.8784313725490196
  },
  "Foreground Color" : {
    "Green Component" : 0.97947251796722412,
    "Red Component" : 0.97947251796722412,
    "Blue Component" : 0.97947251796722412
  },
  "Working Directory" : "~",
  "Blinking Cursor" : false,
  "AWDS Window Option" : "No",
  "Sync Title" : false,
  "Prompt Before Closing 2" : false,
  "BM Growl" : true,
  "Command" : "",
  "Description" : "Default",
  "AWDS Pane Directory" : "",
  "Disable Window Resizing" : true,
  "Screen" : -1,
  "Selection Color" : {
    "Green Component" : 0.33333333333333331,
    "Red Component" : 0.61568627450980395,
    "Blue Component" : 0.058823529411764705
  },
  "Mouse Reporting" : true,
  "AWDS Window Directory" : "",
  "Columns" : 80,
  "Idle Code" : 0,
  "Background Image Mode" : 2,
  "Ansi 13 Color" : {
    "Green Component" : 0.396078431372549,
    "Red Component" : 0.61568627450980395,
    "Blue Component" : 1
  },
  "Custom Command" : "No",
  "ASCII Anti Aliased" : true,
  "Non Ascii Font" : "Menlo-Regular 11",
  "Vertical Spacing" : 1,
  "Use Bold Font" : true,
  "Option Key Sends" : 2,
  "Selected Text Color" : {
    "Green Component" : 1,
    "Red Component" : 0.99989014863967896,
    "Blue Component" : 0.999828040599823
  },
  "Background Color" : {
    "Green Component" : 0.11764705882352941,
    "Red Component" : 0.11372549019607843,
    "Blue Component" : 0.10196078431372549
  },
  "Character Encoding" : 4,
  "Ansi 11 Color" : {
    "Green Component" : 0.83921568627450982,
    "Red Component" : 0.85882352941176465,
    "Blue Component" : 0.3843137254901961
  },
  "Use Italic Font" : true,
  "Unlimited Scrollback" : false,
  "Keyboard Map" : {

  },
  "Window Type" : 0,
  "Blur" : false,
  "Badge Color" : {
    "Red Component" : 1,
    "Color Space" : "sRGB",
    "Blue Component" : 0,
    "Alpha Component" : 0.5,
    "Green Component" : 0.14910030364990234
  },
  "Scrollback Lines" : 1000,
  "Send Code When Idle" : false,
  "Close Sessions On End" : true,
  "Terminal Type" : "xterm-256color",
  "Visual Bell" : true,
  "Flashing Bell" : false,
  "Silence Bell" : true,
  "Ansi 14 Color" : {
    "Green Component" : 0.81960784313725488,
    "Red Component" : 0.34509803921568627,
    "Blue Component" : 0.91764705882352937
  },
  "ASCII Ligatures" : false,
  "Name" : "Default",
  "Cursor Text Color" : {
    "Green Component" : 0.15575926005840302,
    "Red Component" : 0,
    "Blue Component" : 0.19370138645172119
  },
  "Minimum Contrast" : 0.49850260416666664,
  "Shortcut" : "",
  "Match Background Color" : {
    "Red Component" : 0.99697142839431763,
    "Color Space" : "P3",
    "Blue Component" : 0.32116127014160156,
    "Alpha Component" : 1,
    "Green Component" : 0.98600882291793823
  },
  "Cursor Color" : {
    "Green Component" : 0.50962930917739868,
    "Red Component" : 0.44058024883270264,
    "Blue Component" : 0.51685798168182373
  },
  "Ansi 0 Color" : {
    "Green Component" : 0,
    "Red Component" : 0,
    "Blue Component" : 0
  },
  "Guid" : "kitsuyaazuma",
  "Horizontal Spacing" : 1,
  "Ansi 3 Color" : {
    "Green Component" : 0.58823529411764708,
    "Red Component" : 0.60784313725490191,
    "Blue Component" : 0.24705882352941178
  },
  "Ansi 2 Color" : {
    "Green Component" : 0.60392156862745094,
    "Red Component" : 0.37647058823529411,
    "Blue Component" : 0.062745098039215685
  },
  "Right Option Key Sends" : 0,
  "Ansi 6 Color" : {
    "Green Component" : 0.56862745098039214,
    "Red Component" : 0.21568627450980393,
    "Blue Component" : 0.6470588235294118
  },
  "Ansi 7 Color" : {
    "Green Component" : 0.69411764705882351,
    "Red Component" : 0.69411764705882351,
    "Blue Component" : 0.69411764705882351
  },
  "AWDS Tab Directory" : "",
  "Ansi 9 Color" : {
    "Green Component" : 0,
    "Red Component" : 0.94901960784313721,
    "Blue Component" : 0.36078431372549019
  },
  "Ansi 8 Color" : {
    "Green Component" : 0.36862745098039218,
    "Red Component" : 0.38039215686274508,
    "Blue Component" : 0.29411764705882354
  },
  "Ansi 4 Color" : {
    "Green Component" : 0.0039215686274509803,
    "Red Component" : 0.10980392156862745,
    "Blue Component" : 0.63529411764705879
  }
}
]
}
